POST|201|2021-11-11T16:50:53.506655600|3202
POST|201|2021-11-11T16:50:56.721727900|3054
POST|201|2021-11-11T16:50:59.776048700|231
POST|201|2021-11-11T16:51:00.011957100|209
POST|201|2021-11-11T16:51:00.221108|181
POST|201|2021-11-11T16:51:00.403451300|212
POST|201|2021-11-11T16:51:00.615992300|199
POST|201|2021-11-11T16:51:00.815900500|183
POST|201|2021-11-11T16:51:00.999780200|188
POST|201|2021-11-11T16:51:01.188459400|198
POST|201|2021-11-11T16:51:01.388349600|218
POST|201|2021-11-11T16:51:01.607191100|179
POST|201|2021-11-11T16:51:01.787012400|176
POST|201|2021-11-11T16:51:01.964635600|173
POST|201|2021-11-11T16:51:02.138052|180
POST|201|2021-11-11T16:51:02.318443900|251
POST|201|2021-11-11T16:51:02.570686200|222
POST|201|2021-11-11T16:51:02.794442100|175
POST|201|2021-11-11T16:51:02.969512500|167
POST|201|2021-11-11T16:51:03.138126200|178
POST|201|2021-11-11T16:51:03.317002500|170
POST|201|2021-11-11T16:51:03.487561|179
POST|201|2021-11-11T16:51:03.667129|161
POST|201|2021-11-11T16:51:03.828848500|161
POST|201|2021-11-11T16:51:03.991225800|149
POST|201|2021-11-11T16:51:04.140941800|165
POST|201|2021-11-11T16:51:04.306640900|171
POST|201|2021-11-11T16:51:04.477851800|480
POST|201|2021-11-11T16:51:04.958450900|147
POST|201|2021-11-11T16:51:05.105678200|161
POST|201|2021-11-11T16:51:05.267189|165
POST|201|2021-11-11T16:51:05.434144500|165
POST|201|2021-11-11T16:51:05.599998|154
POST|201|2021-11-11T16:51:05.755622500|158
POST|201|2021-11-11T16:51:05.914067500|163
POST|201|2021-11-11T16:51:06.077366400|152
POST|201|2021-11-11T16:51:06.230798400|172
POST|201|2021-11-11T16:51:06.403599900|156
POST|201|2021-11-11T16:51:06.560157600|159
POST|201|2021-11-11T16:51:06.719926300|165
POST|201|2021-11-11T16:51:06.885150300|158
POST|201|2021-11-11T16:51:07.043186800|164
POST|201|2021-11-11T16:51:07.207751200|154
POST|201|2021-11-11T16:51:07.362341300|151
POST|201|2021-11-11T16:51:07.514002600|150
POST|201|2021-11-11T16:51:07.665662300|162
POST|201|2021-11-11T16:51:07.828575100|179
POST|201|2021-11-11T16:51:08.008068|181
POST|201|2021-11-11T16:51:08.190955400|142
POST|201|2021-11-11T16:51:08.334386600|151
POST|201|2021-11-11T16:51:08.485580400|201
POST|201|2021-11-11T16:51:08.688064300|157
POST|201|2021-11-11T16:51:08.845404400|201
POST|201|2021-11-11T16:51:09.048111800|231
POST|201|2021-11-11T16:51:09.280094700|159
POST|201|2021-11-11T16:51:09.439711100|155
POST|201|2021-11-11T16:51:09.595400700|184
POST|201|2021-11-11T16:51:09.780085400|159
POST|201|2021-11-11T16:51:09.940052100|155
POST|201|2021-11-11T16:51:10.095834500|157
POST|201|2021-11-11T16:51:10.253090700|168
POST|201|2021-11-11T16:51:10.421823300|175
POST|201|2021-11-11T16:51:10.597458|162
POST|201|2021-11-11T16:51:10.760283200|163
POST|201|2021-11-11T16:51:10.923298|164
POST|201|2021-11-11T16:51:11.087676300|150
POST|201|2021-11-11T16:51:11.238452900|153
POST|201|2021-11-11T16:51:11.391989|165
POST|201|2021-11-11T16:51:11.557427800|148
POST|201|2021-11-11T16:51:11.706072600|171
POST|201|2021-11-11T16:51:11.877899100|152
POST|201|2021-11-11T16:51:12.031833300|153
POST|201|2021-11-11T16:51:12.185432800|145
POST|201|2021-11-11T16:51:12.331186900|152
POST|201|2021-11-11T16:51:12.483188800|185
POST|201|2021-11-11T16:51:12.668220200|175
POST|201|2021-11-11T16:51:12.844189600|149
POST|201|2021-11-11T16:51:12.994187300|137
POST|201|2021-11-11T16:51:13.131653300|138
POST|201|2021-11-11T16:51:13.269666100|156
POST|201|2021-11-11T16:51:13.426132100|150
POST|201|2021-11-11T16:51:13.576441100|137
POST|201|2021-11-11T16:51:13.713723200|156
POST|201|2021-11-11T16:51:13.870147100|157
POST|201|2021-11-11T16:51:14.027450400|147
POST|201|2021-11-11T16:51:14.174739700|137
POST|201|2021-11-11T16:51:14.312401100|148
POST|201|2021-11-11T16:51:14.460411|214
POST|201|2021-11-11T16:51:14.674490100|152
POST|201|2021-11-11T16:51:14.826783600|148
POST|201|2021-11-11T16:51:14.974811100|175
POST|201|2021-11-11T16:51:15.149997900|163
POST|201|2021-11-11T16:51:15.313001900|198
POST|201|2021-11-11T16:51:15.511833800|178
POST|201|2021-11-11T16:51:15.690228300|140
POST|201|2021-11-11T16:51:15.831073500|148
POST|201|2021-11-11T16:51:15.979749|150
POST|201|2021-11-11T16:51:16.130727200|146
POST|201|2021-11-11T16:51:16.277258|156
POST|201|2021-11-11T16:51:16.433297300|147
POST|201|2021-11-11T16:51:16.580438800|144
POST|201|2021-11-11T16:51:16.726235|158
POST|201|2021-11-11T16:51:16.885938|160
POST|201|2021-11-11T16:51:17.046402500|132
POST|201|2021-11-11T16:51:17.179037600|145
POST|201|2021-11-11T16:51:17.324427400|147
POST|201|2021-11-11T16:51:17.472522400|142
POST|201|2021-11-11T16:51:17.614809200|152
POST|201|2021-11-11T16:51:17.766839400|139
POST|201|2021-11-11T16:51:17.906339800|144
POST|201|2021-11-11T16:51:18.050662|146
POST|201|2021-11-11T16:51:18.197487700|153
POST|201|2021-11-11T16:51:18.351173400|144
POST|201|2021-11-11T16:51:18.496000500|138
POST|201|2021-11-11T16:51:18.634113700|155
POST|201|2021-11-11T16:51:18.789851200|160
POST|201|2021-11-11T16:51:18.950303300|260
POST|201|2021-11-11T16:51:19.211599500|143
POST|201|2021-11-11T16:51:19.355164700|141
POST|201|2021-11-11T16:51:19.496741200|139
POST|201|2021-11-11T16:51:19.635913100|138
POST|201|2021-11-11T16:51:19.774759900|148
POST|201|2021-11-11T16:51:19.923650500|150
POST|201|2021-11-11T16:51:20.074330800|145
POST|201|2021-11-11T16:51:20.219532100|133
POST|201|2021-11-11T16:51:20.352880500|154
POST|201|2021-11-11T16:51:20.507358200|189
POST|201|2021-11-11T16:51:20.696967500|155
POST|201|2021-11-11T16:51:20.852713600|138
POST|201|2021-11-11T16:51:20.991193500|131
POST|201|2021-11-11T16:51:21.122296800|167
POST|201|2021-11-11T16:51:21.289852500|163
POST|201|2021-11-11T16:51:21.452886400|145
POST|201|2021-11-11T16:51:21.598583100|137
POST|201|2021-11-11T16:51:21.735628|181
POST|201|2021-11-11T16:51:21.916665500|154
POST|201|2021-11-11T16:51:22.070674900|157
POST|201|2021-11-11T16:51:22.228975900|149
POST|201|2021-11-11T16:51:22.378195900|136
POST|201|2021-11-11T16:51:22.514644|136
POST|201|2021-11-11T16:51:22.651140300|147
POST|201|2021-11-11T16:51:22.799512700|131
POST|201|2021-11-11T16:51:22.931518800|154
POST|201|2021-11-11T16:51:23.086328|145
POST|201|2021-11-11T16:51:23.232737500|139
POST|201|2021-11-11T16:51:23.372319500|145
POST|201|2021-11-11T16:51:23.517333800|135
POST|201|2021-11-11T16:51:23.653234700|219
POST|201|2021-11-11T16:51:23.872613100|158
POST|201|2021-11-11T16:51:24.032400200|132
POST|201|2021-11-11T16:51:24.164851200|147
POST|201|2021-11-11T16:51:24.312052200|144
POST|201|2021-11-11T16:51:24.457203700|142
POST|201|2021-11-11T16:51:24.599401100|156
POST|201|2021-11-11T16:51:24.755401400|148
POST|201|2021-11-11T16:51:24.903565600|148
POST|201|2021-11-11T16:51:25.052226600|159
POST|201|2021-11-11T16:51:25.212017800|144
POST|201|2021-11-11T16:51:25.356107300|147
POST|201|2021-11-11T16:51:25.503225100|158
POST|201|2021-11-11T16:51:25.661795900|150
POST|201|2021-11-11T16:51:25.812170700|140
POST|201|2021-11-11T16:51:25.952952100|138
POST|201|2021-11-11T16:51:26.091128100|138
POST|201|2021-11-11T16:51:26.229333200|147
POST|201|2021-11-11T16:51:26.377129|137
POST|201|2021-11-11T16:51:26.514633100|146
POST|201|2021-11-11T16:51:26.661418|149
POST|201|2021-11-11T16:51:26.811038700|151
POST|201|2021-11-11T16:51:26.962646900|145
POST|201|2021-11-11T16:51:27.109107200|147
POST|201|2021-11-11T16:51:27.263948900|157
POST|201|2021-11-11T16:51:27.421834600|166
POST|201|2021-11-11T16:51:27.588724600|166
POST|201|2021-11-11T16:51:27.755276400|146
POST|201|2021-11-11T16:51:27.901365500|108
POST|201|2021-11-11T16:51:28.010107300|134
POST|201|2021-11-11T16:51:28.145045300|159
POST|201|2021-11-11T16:51:28.304880100|151
POST|201|2021-11-11T16:51:28.456530500|228
POST|201|2021-11-11T16:51:28.685129700|149
POST|201|2021-11-11T16:51:28.834615900|177
POST|201|2021-11-11T16:51:29.012849800|146
POST|201|2021-11-11T16:51:29.159666400|145
POST|201|2021-11-11T16:51:29.305221100|158
POST|201|2021-11-11T16:51:29.463960500|158
POST|201|2021-11-11T16:51:29.622148100|144
POST|201|2021-11-11T16:51:29.766856900|140
POST|201|2021-11-11T16:51:29.907103300|140
POST|201|2021-11-11T16:51:30.047368800|153
POST|201|2021-11-11T16:51:30.201784600|147
POST|201|2021-11-11T16:51:30.350404400|141
POST|201|2021-11-11T16:51:30.491816700|130
POST|201|2021-11-11T16:51:30.622297400|140
POST|201|2021-11-11T16:51:30.762479900|172
POST|201|2021-11-11T16:51:30.935043900|149
POST|201|2021-11-11T16:51:31.084947900|135
POST|201|2021-11-11T16:51:31.220152100|147
POST|201|2021-11-11T16:51:31.367271100|140
POST|201|2021-11-11T16:51:31.507692600|137
POST|201|2021-11-11T16:51:31.646172|157
POST|201|2021-11-11T16:51:31.803459200|304
POST|201|2021-11-11T16:51:32.107779100|139
POST|201|2021-11-11T16:51:32.247525500|197
POST|201|2021-11-11T16:51:32.445157900|148
POST|201|2021-11-11T16:51:32.593573300|152
POST|201|2021-11-11T16:51:32.745577100|139
POST|201|2021-11-11T16:51:32.885359900|140
POST|201|2021-11-11T16:51:33.026091700|153
POST|201|2021-11-11T16:51:33.179543800|168
POST|201|2021-11-11T16:51:33.348288|157
POST|201|2021-11-11T16:51:33.505584700|145
POST|201|2021-11-11T16:51:33.650887300|142
POST|201|2021-11-11T16:51:33.792930200|144
POST|201|2021-11-11T16:51:33.937840200|134
POST|201|2021-11-11T16:51:34.072375500|152
POST|201|2021-11-11T16:51:34.225327500|136
POST|201|2021-11-11T16:51:34.361750800|135
POST|201|2021-11-11T16:51:34.497282800|145
POST|201|2021-11-11T16:51:34.642403500|139
POST|201|2021-11-11T16:51:34.782388500|143
POST|201|2021-11-11T16:51:34.926177300|131
POST|201|2021-11-11T16:51:35.057368400|173
POST|201|2021-11-11T16:51:35.231706300|149
POST|201|2021-11-11T16:51:35.381486800|132
POST|201|2021-11-11T16:51:35.513935300|229
POST|201|2021-11-11T16:51:35.743376700|126
POST|201|2021-11-11T16:51:35.869730900|154
POST|201|2021-11-11T16:51:36.024870400|136
POST|201|2021-11-11T16:51:36.160953800|145
POST|201|2021-11-11T16:51:36.306616500|132
POST|201|2021-11-11T16:51:36.438892400|138
POST|201|2021-11-11T16:51:36.577751200|142
POST|201|2021-11-11T16:51:36.720720700|133
POST|201|2021-11-11T16:51:36.854040600|137
POST|201|2021-11-11T16:51:36.992309|137
POST|201|2021-11-11T16:51:37.130307100|142
POST|201|2021-11-11T16:51:37.273306900|144
POST|201|2021-11-11T16:51:37.418306300|152
POST|201|2021-11-11T16:51:37.571808500|149
POST|201|2021-11-11T16:51:37.720884|151
POST|201|2021-11-11T16:51:37.872502300|148
POST|201|2021-11-11T16:51:38.021226800|131
POST|201|2021-11-11T16:51:38.152705600|145
POST|201|2021-11-11T16:51:38.297726|149
POST|201|2021-11-11T16:51:38.446756400|138
POST|201|2021-11-11T16:51:38.586013400|136
POST|201|2021-11-11T16:51:38.722303900|144
POST|201|2021-11-11T16:51:38.866967800|154
POST|201|2021-11-11T16:51:39.021011500|449
POST|201|2021-11-11T16:51:39.470826800|138
POST|201|2021-11-11T16:51:39.609505500|144
POST|201|2021-11-11T16:51:39.753922700|138
POST|201|2021-11-11T16:51:39.892637600|143
POST|201|2021-11-11T16:51:40.035798100|156
POST|201|2021-11-11T16:51:40.191991300|140
POST|201|2021-11-11T16:51:40.332070300|140
POST|201|2021-11-11T16:51:40.472576500|134
POST|201|2021-11-11T16:51:40.606798600|135
POST|201|2021-11-11T16:51:40.742514600|142
POST|201|2021-11-11T16:51:40.885173|143
POST|201|2021-11-11T16:51:41.028993400|147
POST|201|2021-11-11T16:51:41.176877900|295
POST|201|2021-11-11T16:51:41.472664400|140
POST|201|2021-11-11T16:51:41.613302700|129
POST|201|2021-11-11T16:51:41.742456800|202
POST|201|2021-11-11T16:51:41.945546400|141
POST|201|2021-11-11T16:51:42.087046|149
POST|201|2021-11-11T16:51:42.236295600|131
POST|201|2021-11-11T16:51:42.367417100|130
POST|201|2021-11-11T16:51:42.497673900|133
POST|201|2021-11-11T16:51:42.631592500|124
POST|201|2021-11-11T16:51:42.756429100|149
POST|201|2021-11-11T16:51:42.905595200|147
POST|201|2021-11-11T16:51:43.053448500|191
POST|201|2021-11-11T16:51:43.244980900|127
POST|201|2021-11-11T16:51:43.372688300|141
POST|201|2021-11-11T16:51:43.513707900|149
POST|201|2021-11-11T16:51:43.663512500|129
POST|201|2021-11-11T16:51:43.792689300|130
POST|201|2021-11-11T16:51:43.923835600|157
POST|201|2021-11-11T16:51:44.082480900|156
POST|201|2021-11-11T16:51:44.238616700|228
POST|201|2021-11-11T16:51:44.466873100|142
POST|201|2021-11-11T16:51:44.609562600|151
POST|201|2021-11-11T16:51:44.760642200|136
POST|201|2021-11-11T16:51:44.897479100|141
POST|201|2021-11-11T16:51:45.038493|144
POST|201|2021-11-11T16:51:45.183153500|146
POST|201|2021-11-11T16:51:45.329963500|133
POST|201|2021-11-11T16:51:45.463134300|142
POST|201|2021-11-11T16:51:45.605666100|144
POST|201|2021-11-11T16:51:45.749841700|145
POST|201|2021-11-11T16:51:45.895530800|234
POST|201|2021-11-11T16:51:46.129661500|139
POST|201|2021-11-11T16:51:46.269529300|136
POST|201|2021-11-11T16:51:46.406070400|139
POST|201|2021-11-11T16:51:46.545605|142
POST|201|2021-11-11T16:51:46.688155700|154
POST|201|2021-11-11T16:51:46.842588500|129
POST|201|2021-11-11T16:51:46.972399500|127
POST|201|2021-11-11T16:51:47.099651|144
POST|201|2021-11-11T16:51:47.244513600|152
POST|201|2021-11-11T16:51:47.396542500|146
POST|201|2021-11-11T16:51:47.543195800|157
POST|201|2021-11-11T16:51:47.700387300|145
POST|201|2021-11-11T16:51:47.846960|142
POST|201|2021-11-11T16:51:47.989768400|145
POST|201|2021-11-11T16:51:48.135401100|136
POST|201|2021-11-11T16:51:48.271620800|180
POST|201|2021-11-11T16:51:48.452955300|133
POST|201|2021-11-11T16:51:48.586454100|137
POST|201|2021-11-11T16:51:48.724217500|148
POST|201|2021-11-11T16:51:48.872414100|160
POST|201|2021-11-11T16:51:49.033153200|139
POST|201|2021-11-11T16:51:49.173024|161
POST|201|2021-11-11T16:51:49.334937800|157
POST|201|2021-11-11T16:51:49.492304900|141
POST|201|2021-11-11T16:51:49.633664500|150
POST|201|2021-11-11T16:51:49.784538900|164
POST|201|2021-11-11T16:51:49.949225300|134
POST|201|2021-11-11T16:51:50.083457800|134
POST|201|2021-11-11T16:51:50.217832800|155
POST|201|2021-11-11T16:51:50.373529300|168
POST|201|2021-11-11T16:51:50.541581900|156
POST|201|2021-11-11T16:51:50.698610400|127
POST|201|2021-11-11T16:51:50.825611|138
POST|201|2021-11-11T16:51:50.963611900|137
POST|201|2021-11-11T16:51:51.101611|139
POST|201|2021-11-11T16:51:51.241610800|136
POST|201|2021-11-11T16:51:51.378609600|128
POST|201|2021-11-11T16:51:51.507609100|128
POST|201|2021-11-11T16:51:51.636609800|144
POST|201|2021-11-11T16:51:51.781609200|137
POST|201|2021-11-11T16:51:51.918611100|158
POST|201|2021-11-11T16:51:52.077324600|144
POST|201|2021-11-11T16:51:52.221729500|149
POST|201|2021-11-11T16:51:52.370994900|150
POST|201|2021-11-11T16:51:52.521768700|220
POST|201|2021-11-11T16:51:52.741938|121
POST|201|2021-11-11T16:51:52.863546600|145
POST|201|2021-11-11T16:51:53.008825800|142
POST|201|2021-11-11T16:51:53.151677500|132
POST|201|2021-11-11T16:51:53.284670800|240
POST|201|2021-11-11T16:51:53.524937600|140
POST|201|2021-11-11T16:51:53.665398900|156
POST|201|2021-11-11T16:51:53.822538100|132
POST|201|2021-11-11T16:51:53.954888500|146
POST|201|2021-11-11T16:51:54.102264300|136
POST|201|2021-11-11T16:51:54.240139100|147
POST|201|2021-11-11T16:51:54.387219100|164
POST|201|2021-11-11T16:51:54.551737100|153
POST|201|2021-11-11T16:51:54.705312300|144
POST|201|2021-11-11T16:51:54.849834100|150
POST|201|2021-11-11T16:51:55.000308700|183
POST|201|2021-11-11T16:51:55.184108300|138
POST|201|2021-11-11T16:51:55.322541200|141
POST|201|2021-11-11T16:51:55.464506400|148
POST|201|2021-11-11T16:51:55.612642100|139
POST|201|2021-11-11T16:51:55.752372400|136
POST|201|2021-11-11T16:51:55.889140600|141
POST|201|2021-11-11T16:51:56.030889100|178
POST|201|2021-11-11T16:51:56.209248300|152
POST|201|2021-11-11T16:51:56.362023600|132
POST|201|2021-11-11T16:51:56.494218200|138
POST|201|2021-11-11T16:51:56.633068300|147
POST|201|2021-11-11T16:51:56.780465800|128
POST|201|2021-11-11T16:51:56.908720900|131
POST|201|2021-11-11T16:51:57.040950|140
POST|201|2021-11-11T16:51:57.181454700|143
POST|201|2021-11-11T16:51:57.324794300|152
POST|201|2021-11-11T16:51:57.477148300|144
POST|201|2021-11-11T16:51:57.621969600|152
POST|201|2021-11-11T16:51:57.775034400|193
POST|201|2021-11-11T16:51:57.968065300|141
POST|201|2021-11-11T16:51:58.110340900|138
POST|201|2021-11-11T16:51:58.249076|137
POST|201|2021-11-11T16:51:58.386547400|141
POST|201|2021-11-11T16:51:58.527986300|148
POST|201|2021-11-11T16:51:58.676443100|139
POST|201|2021-11-11T16:51:58.815850300|130
POST|201|2021-11-11T16:51:58.946847700|155
POST|201|2021-11-11T16:51:59.102565300|150
POST|201|2021-11-11T16:51:59.252864800|145
POST|201|2021-11-11T16:51:59.398856300|169
POST|201|2021-11-11T16:51:59.567938300|150
POST|201|2021-11-11T16:51:59.718301300|133
POST|201|2021-11-11T16:51:59.851550100|154
POST|201|2021-11-11T16:52:00.005979400|141
POST|201|2021-11-11T16:52:00.147773900|148
POST|201|2021-11-11T16:52:00.296717800|152
POST|201|2021-11-11T16:52:00.449081300|145
POST|201|2021-11-11T16:52:00.594822800|148
POST|201|2021-11-11T16:52:00.744684700|369
POST|201|2021-11-11T16:52:01.114262700|158
POST|201|2021-11-11T16:52:01.272512|154
POST|201|2021-11-11T16:52:01.427020800|202
POST|201|2021-11-11T16:52:01.629978700|171
POST|201|2021-11-11T16:52:01.801680800|181
POST|201|2021-11-11T16:52:01.983298200|142
POST|201|2021-11-11T16:52:02.126271200|141
POST|201|2021-11-11T16:52:02.267822200|140
POST|201|2021-11-11T16:52:02.408816900|142
POST|201|2021-11-11T16:52:02.551207700|144
POST|201|2021-11-11T16:52:02.695258300|152
POST|201|2021-11-11T16:52:02.847529300|146
POST|201|2021-11-11T16:52:02.994198400|136
POST|201|2021-11-11T16:52:03.130435100|281
POST|201|2021-11-11T16:52:03.412301100|189
POST|201|2021-11-11T16:52:03.603060700|154
POST|201|2021-11-11T16:52:03.757424400|153
POST|201|2021-11-11T16:52:03.910678400|163
POST|201|2021-11-11T16:52:04.074020700|141
POST|201|2021-11-11T16:52:04.216500200|155
POST|201|2021-11-11T16:52:04.372866700|141
POST|201|2021-11-11T16:52:04.514814800|140
POST|201|2021-11-11T16:52:04.655206600|145
POST|201|2021-11-11T16:52:04.800512400|139
POST|201|2021-11-11T16:52:04.939910200|134
POST|201|2021-11-11T16:52:05.074061|130
POST|201|2021-11-11T16:52:05.204538600|141
POST|201|2021-11-11T16:52:05.346367100|141
POST|201|2021-11-11T16:52:05.488565900|151
POST|201|2021-11-11T16:52:05.640432900|142
POST|201|2021-11-11T16:52:05.782988500|153
POST|201|2021-11-11T16:52:05.936163900|141
POST|201|2021-11-11T16:52:06.078079500|135
POST|201|2021-11-11T16:52:06.213451200|142
POST|201|2021-11-11T16:52:06.355642200|159
POST|201|2021-11-11T16:52:06.515549700|136
POST|201|2021-11-11T16:52:06.652252500|146
POST|201|2021-11-11T16:52:06.799155800|176
POST|201|2021-11-11T16:52:06.976137800|129
POST|201|2021-11-11T16:52:07.106113600|152
POST|201|2021-11-11T16:52:07.258697200|135
POST|201|2021-11-11T16:52:07.394317400|149
POST|201|2021-11-11T16:52:07.543817200|139
POST|201|2021-11-11T16:52:07.683600900|129
POST|201|2021-11-11T16:52:07.813978600|129
POST|201|2021-11-11T16:52:07.943301100|179
POST|201|2021-11-11T16:52:08.122364600|146
POST|201|2021-11-11T16:52:08.269204300|140
POST|201|2021-11-11T16:52:08.409596400|141
POST|201|2021-11-11T16:52:08.551459700|173
POST|201|2021-11-11T16:52:08.725091600|130
POST|201|2021-11-11T16:52:08.855353900|150
POST|201|2021-11-11T16:52:09.005849200|137
POST|201|2021-11-11T16:52:09.143235800|140
POST|201|2021-11-11T16:52:09.284153500|141
POST|201|2021-11-11T16:52:09.425874|135
POST|201|2021-11-11T16:52:09.561479700|136
POST|201|2021-11-11T16:52:09.697718500|137
POST|201|2021-11-11T16:52:09.835403100|136
POST|201|2021-11-11T16:52:09.971621100|129
POST|201|2021-11-11T16:52:10.101448500|133
POST|201|2021-11-11T16:52:10.235256500|144
POST|201|2021-11-11T16:52:10.379322300|135
POST|201|2021-11-11T16:52:10.515917|141
POST|201|2021-11-11T16:52:10.657831900|133
POST|201|2021-11-11T16:52:10.791534100|133
POST|201|2021-11-11T16:52:10.924719900|138
POST|201|2021-11-11T16:52:11.063042900|137
POST|201|2021-11-11T16:52:11.200853300|146
POST|201|2021-11-11T16:52:11.347404200|138
POST|201|2021-11-11T16:52:11.485837|145
POST|201|2021-11-11T16:52:11.631760100|139
POST|201|2021-11-11T16:52:11.770849100|142
POST|201|2021-11-11T16:52:11.913065|137
POST|201|2021-11-11T16:52:12.050258700|148
POST|201|2021-11-11T16:52:12.199141100|148
POST|201|2021-11-11T16:52:12.348140900|129
POST|201|2021-11-11T16:52:12.477823100|123
POST|201|2021-11-11T16:52:12.601455|131
POST|201|2021-11-11T16:52:12.732772300|142
POST|201|2021-11-11T16:52:12.875547|144
POST|201|2021-11-11T16:52:13.020833400|137
POST|201|2021-11-11T16:52:13.157994600|134
POST|201|2021-11-11T16:52:13.292223800|123
POST|201|2021-11-11T16:52:13.416470200|169
POST|201|2021-11-11T16:52:13.586357700|128
POST|201|2021-11-11T16:52:13.714732700|137
POST|201|2021-11-11T16:52:13.851890800|140
POST|201|2021-11-11T16:52:13.992750400|130
POST|201|2021-11-11T16:52:14.123350200|144
POST|201|2021-11-11T16:52:14.267773400|186
POST|201|2021-11-11T16:52:14.454305800|152
POST|201|2021-11-11T16:52:14.606494700|173
POST|201|2021-11-11T16:52:14.779589300|133
POST|201|2021-11-11T16:52:14.912872300|267
POST|201|2021-11-11T16:52:15.180513|144
POST|201|2021-11-11T16:52:15.325363500|124
POST|201|2021-11-11T16:52:15.449902300|120
POST|201|2021-11-11T16:52:15.570279600|146
POST|201|2021-11-11T16:52:15.716371|123
POST|201|2021-11-11T16:52:15.839594300|135
POST|201|2021-11-11T16:52:15.975523400|133
POST|201|2021-11-11T16:52:16.109559600|135
POST|201|2021-11-11T16:52:16.245251600|135
POST|201|2021-11-11T16:52:16.380738500|149
POST|201|2021-11-11T16:52:16.531339400|133
POST|201|2021-11-11T16:52:16.665142|157
POST|201|2021-11-11T16:52:16.822338400|155
POST|201|2021-11-11T16:52:16.978972100|149
POST|201|2021-11-11T16:52:17.128207900|135
POST|201|2021-11-11T16:52:17.264050400|117
POST|201|2021-11-11T16:52:17.381649500|135
POST|201|2021-11-11T16:52:17.518446300|133
POST|201|2021-11-11T16:52:17.651690500|150
POST|201|2021-11-11T16:52:17.802479300|134
POST|201|2021-11-11T16:52:17.936923600|147
POST|201|2021-11-11T16:52:18.084739900|252
POST|201|2021-11-11T16:52:18.336741800|261
POST|201|2021-11-11T16:52:18.598514|137
POST|201|2021-11-11T16:52:18.736505500|138
POST|201|2021-11-11T16:52:18.875955500|147
POST|201|2021-11-11T16:52:19.023693400|132
POST|201|2021-11-11T16:52:19.156406100|136
POST|201|2021-11-11T16:52:19.292490700|134
POST|201|2021-11-11T16:52:19.426911200|140
POST|201|2021-11-11T16:52:19.567429600|131
POST|201|2021-11-11T16:52:19.698485|185
POST|201|2021-11-11T16:52:19.884643100|143
POST|201|2021-11-11T16:52:20.028175500|136
POST|201|2021-11-11T16:52:20.164507200|141
POST|201|2021-11-11T16:52:20.305781200|140
POST|201|2021-11-11T16:52:20.446263100|134
POST|201|2021-11-11T16:52:20.580293300|174
POST|201|2021-11-11T16:52:20.755121500|152
POST|201|2021-11-11T16:52:20.908818900|143
POST|201|2021-11-11T16:52:21.053029800|136
POST|201|2021-11-11T16:52:21.189299200|139
POST|201|2021-11-11T16:52:21.329212500|135
POST|201|2021-11-11T16:52:21.464323200|138
POST|201|2021-11-11T16:52:21.603031500|137
POST|201|2021-11-11T16:52:21.740451500|154
POST|201|2021-11-11T16:52:21.895304600|137
POST|201|2021-11-11T16:52:22.033822100|136
POST|201|2021-11-11T16:52:22.170821300|136
POST|201|2021-11-11T16:52:22.306823|146
POST|201|2021-11-11T16:52:22.453822100|119
POST|201|2021-11-11T16:52:22.572822700|161
POST|201|2021-11-11T16:52:22.734603600|133
POST|201|2021-11-11T16:52:22.867604400|132
POST|201|2021-11-11T16:52:23.000603500|145
POST|201|2021-11-11T16:52:23.145637700|140
POST|201|2021-11-11T16:52:23.286603400|144
POST|201|2021-11-11T16:52:23.430604200|136
POST|201|2021-11-11T16:52:23.566627700|153
POST|201|2021-11-11T16:52:23.719637300|126
POST|201|2021-11-11T16:52:23.845637700|124
POST|201|2021-11-11T16:52:23.969639600|138
POST|201|2021-11-11T16:52:24.108603500|142
POST|201|2021-11-11T16:52:24.251602400|146
POST|201|2021-11-11T16:52:24.397640400|132
POST|201|2021-11-11T16:52:24.529640800|156
POST|201|2021-11-11T16:52:24.686139400|146
POST|201|2021-11-11T16:52:24.832882200|134
POST|201|2021-11-11T16:52:24.967166100|133
POST|201|2021-11-11T16:52:25.100249100|425
POST|201|2021-11-11T16:52:25.525784400|149
POST|201|2021-11-11T16:52:25.675731700|138
POST|201|2021-11-11T16:52:25.814056700|137
POST|201|2021-11-11T16:52:25.951648600|146
POST|201|2021-11-11T16:52:26.097723100|127
POST|201|2021-11-11T16:52:26.225472|139
POST|201|2021-11-11T16:52:26.366341200|137
POST|201|2021-11-11T16:52:26.504288800|130
POST|201|2021-11-11T16:52:26.634353|134
POST|201|2021-11-11T16:52:26.768620400|141
POST|201|2021-11-11T16:52:26.911383400|139
POST|201|2021-11-11T16:52:27.051397|143
POST|201|2021-11-11T16:52:27.194536200|158
POST|201|2021-11-11T16:52:27.352547800|183
POST|201|2021-11-11T16:52:27.536370500|245
POST|201|2021-11-11T16:52:27.782212700|116
POST|201|2021-11-11T16:52:27.899456300|139
POST|201|2021-11-11T16:52:28.038655500|132
POST|201|2021-11-11T16:52:28.171339600|142
POST|201|2021-11-11T16:52:28.314616200|128
POST|201|2021-11-11T16:52:28.442617900|124
POST|201|2021-11-11T16:52:28.568538100|129
POST|201|2021-11-11T16:52:28.697584900|122
POST|201|2021-11-11T16:52:28.821273900|145
POST|201|2021-11-11T16:52:28.966727700|133
POST|201|2021-11-11T16:52:29.100463500|139
POST|201|2021-11-11T16:52:29.239667200|140
POST|201|2021-11-11T16:52:29.380460100|143
POST|201|2021-11-11T16:52:29.523484400|141
POST|201|2021-11-11T16:52:29.664785100|133
POST|201|2021-11-11T16:52:29.797945900|131
POST|201|2021-11-11T16:52:29.930519800|138
POST|201|2021-11-11T16:52:30.069052900|164
POST|201|2021-11-11T16:52:30.233863900|165
POST|201|2021-11-11T16:52:30.399164800|135
POST|201|2021-11-11T16:52:30.534866400|131
POST|201|2021-11-11T16:52:30.666837|142
POST|201|2021-11-11T16:52:30.809836500|135
POST|201|2021-11-11T16:52:30.946834100|147
POST|201|2021-11-11T16:52:31.093836600|142
POST|201|2021-11-11T16:52:31.236834100|128
POST|201|2021-11-11T16:52:31.364877400|147
POST|201|2021-11-11T16:52:31.513836800|135
POST|201|2021-11-11T16:52:31.648869800|140
POST|201|2021-11-11T16:52:31.788877700|150
POST|201|2021-11-11T16:52:31.939632500|129
POST|201|2021-11-11T16:52:32.068779900|123
POST|201|2021-11-11T16:52:32.192630500|144
POST|201|2021-11-11T16:52:32.337239700|145
POST|201|2021-11-11T16:52:32.482661600|134
POST|201|2021-11-11T16:52:32.617200800|143
POST|201|2021-11-11T16:52:32.760713200|143
POST|201|2021-11-11T16:52:32.905254300|128
POST|201|2021-11-11T16:52:33.033372200|130
POST|201|2021-11-11T16:52:33.165145|133
POST|201|2021-11-11T16:52:33.298159600|112
POST|201|2021-11-11T16:52:33.410270900|139
POST|201|2021-11-11T16:52:33.549930400|129
POST|201|2021-11-11T16:52:33.680931600|143
POST|201|2021-11-11T16:52:33.824591100|138
POST|201|2021-11-11T16:52:33.962652900|191
POST|201|2021-11-11T16:52:34.153735700|136
POST|201|2021-11-11T16:52:34.290225600|132
POST|201|2021-11-11T16:52:34.422621500|136
POST|201|2021-11-11T16:52:34.558683|146
POST|201|2021-11-11T16:52:34.706507|130
POST|201|2021-11-11T16:52:34.836572400|151
POST|201|2021-11-11T16:52:34.987829400|126
POST|201|2021-11-11T16:52:35.114454800|180
POST|201|2021-11-11T16:52:35.294844800|133
POST|201|2021-11-11T16:52:35.428815100|122
POST|201|2021-11-11T16:52:35.551399|136
POST|201|2021-11-11T16:52:35.688473700|136
POST|201|2021-11-11T16:52:35.825109400|147
POST|201|2021-11-11T16:52:35.972240600|131
POST|201|2021-11-11T16:52:36.103900900|137
POST|201|2021-11-11T16:52:36.240988400|151
POST|201|2021-11-11T16:52:36.392965200|142
POST|201|2021-11-11T16:52:36.535361500|137
POST|201|2021-11-11T16:52:36.672736700|159
POST|201|2021-11-11T16:52:36.832451800|142
POST|201|2021-11-11T16:52:36.974654500|133
POST|201|2021-11-11T16:52:37.108260800|128
POST|201|2021-11-11T16:52:37.237019800|144
POST|201|2021-11-11T16:52:37.381502600|117
POST|201|2021-11-11T16:52:37.499200400|129
POST|201|2021-11-11T16:52:37.628999100|134
POST|201|2021-11-11T16:52:37.763524100|147
POST|201|2021-11-11T16:52:37.910550100|144
POST|201|2021-11-11T16:52:38.055381600|122
POST|201|2021-11-11T16:52:38.177907400|136
POST|201|2021-11-11T16:52:38.314274100|133
POST|201|2021-11-11T16:52:38.447623600|106
POST|201|2021-11-11T16:52:38.553849500|135
POST|201|2021-11-11T16:52:38.689091400|146
POST|201|2021-11-11T16:52:38.835424100|138
POST|201|2021-11-11T16:52:38.974244400|136
POST|201|2021-11-11T16:52:39.111025500|132
POST|201|2021-11-11T16:52:39.243142900|141
POST|201|2021-11-11T16:52:39.384775500|145
POST|201|2021-11-11T16:52:39.530611800|131
POST|201|2021-11-11T16:52:39.661725100|124
POST|201|2021-11-11T16:52:39.785932300|125
POST|201|2021-11-11T16:52:39.911611300|128
POST|201|2021-11-11T16:52:40.039945300|145
POST|201|2021-11-11T16:52:40.185475200|136
POST|201|2021-11-11T16:52:40.322434200|116
POST|201|2021-11-11T16:52:40.439058400|132
POST|201|2021-11-11T16:52:40.571219500|167
POST|201|2021-11-11T16:52:40.738858600|134
POST|201|2021-11-11T16:52:40.873717100|153
POST|201|2021-11-11T16:52:41.026833100|116
POST|201|2021-11-11T16:52:41.143879600|133
POST|201|2021-11-11T16:52:41.277271200|109
POST|201|2021-11-11T16:52:41.387655500|128
POST|201|2021-11-11T16:52:41.516522600|115
POST|201|2021-11-11T16:52:41.631888|130
POST|201|2021-11-11T16:52:41.762496200|143
POST|201|2021-11-11T16:52:41.905507|132
POST|201|2021-11-11T16:52:42.039028600|131
POST|201|2021-11-11T16:52:42.170710300|140
POST|201|2021-11-11T16:52:42.311212900|144
POST|201|2021-11-11T16:52:42.455824800|138
POST|201|2021-11-11T16:52:42.594279100|142
POST|201|2021-11-11T16:52:42.738176500|139
POST|201|2021-11-11T16:52:42.877220400|130
POST|201|2021-11-11T16:52:43.007888500|152
POST|201|2021-11-11T16:52:43.160089300|230
POST|201|2021-11-11T16:52:43.390583600|141
POST|201|2021-11-11T16:52:43.533526200|133
POST|201|2021-11-11T16:52:43.667360100|134
POST|201|2021-11-11T16:52:43.803087100|171
POST|201|2021-11-11T16:52:43.975082900|149
POST|201|2021-11-11T16:52:44.124461800|123
POST|201|2021-11-11T16:52:44.248419300|131
POST|201|2021-11-11T16:52:44.379707|133
POST|201|2021-11-11T16:52:44.512928600|150
POST|201|2021-11-11T16:52:44.663869100|444
POST|201|2021-11-11T16:52:45.108311600|452
POST|201|2021-11-11T16:52:45.560955400|143
POST|201|2021-11-11T16:52:45.704476|141
POST|201|2021-11-11T16:52:45.846351400|145
POST|201|2021-11-11T16:52:45.992965|125
POST|201|2021-11-11T16:52:46.118570700|133
POST|201|2021-11-11T16:52:46.252049200|146
POST|201|2021-11-11T16:52:46.398419900|119
POST|201|2021-11-11T16:52:46.517960700|132
POST|201|2021-11-11T16:52:46.650656100|136
POST|201|2021-11-11T16:52:46.786815600|111
POST|201|2021-11-11T16:52:46.899010400|298
POST|201|2021-11-11T16:52:47.197431100|129
POST|201|2021-11-11T16:52:47.328039600|142
POST|201|2021-11-11T16:52:47.470453700|140
POST|201|2021-11-11T16:52:47.610868100|146
POST|201|2021-11-11T16:52:47.757865200|137
POST|201|2021-11-11T16:52:47.895510800|147
POST|201|2021-11-11T16:52:48.042592600|163
POST|201|2021-11-11T16:52:48.205952300|138
POST|201|2021-11-11T16:52:48.344181400|144
POST|201|2021-11-11T16:52:48.488523300|133
POST|201|2021-11-11T16:52:48.621567600|140
POST|201|2021-11-11T16:52:48.762161200|139
POST|201|2021-11-11T16:52:48.901882800|135
POST|201|2021-11-11T16:52:49.036967400|141
POST|201|2021-11-11T16:52:49.178867300|142
POST|201|2021-11-11T16:52:49.321747200|133
POST|201|2021-11-11T16:52:49.455135400|127
POST|201|2021-11-11T16:52:49.582214600|136
POST|201|2021-11-11T16:52:49.719193900|129
POST|201|2021-11-11T16:52:49.848577900|143
POST|201|2021-11-11T16:52:49.991706400|143
POST|201|2021-11-11T16:52:50.135431800|131
POST|201|2021-11-11T16:52:50.266905100|128
POST|201|2021-11-11T16:52:50.396149500|126
POST|201|2021-11-11T16:52:50.522960900|144
POST|201|2021-11-11T16:52:50.668770400|141
POST|201|2021-11-11T16:52:50.809773|137
POST|201|2021-11-11T16:52:50.947771700|135
POST|201|2021-11-11T16:52:51.083770200|138
POST|201|2021-11-11T16:52:51.221820500|135
POST|201|2021-11-11T16:52:51.357769|133
POST|201|2021-11-11T16:52:51.490802900|126
POST|201|2021-11-11T16:52:51.617769400|110
POST|201|2021-11-11T16:52:51.727769700|137
POST|201|2021-11-11T16:52:51.865769100|134
POST|201|2021-11-11T16:52:51.999773400|126
POST|201|2021-11-11T16:52:52.126772300|126
POST|201|2021-11-11T16:52:52.252805800|120
POST|201|2021-11-11T16:52:52.373769100|129
POST|201|2021-11-11T16:52:52.503768600|127
POST|201|20